mutant	path	expected_red	actual_red_classes	bucket	tests_run	base_md5	before_md5	after_md5	mvn_rc	log
core_name_collision_skip_removed	z-bot-core/src/main/java/com/zifang/z/bot/skill/SkillCommands.java	SkillCommandsTest,SlashRegistrySkillCommandTest	SkillCommandsTest,SlashRegistrySkillCommandTest	RED-OK	22	1b97e07055ae43b91c75c6a3b30aa35a	08c09d0bba559e39f6ec035381e047e6	1b97e07055ae43b91c75c6a3b30aa35a	1	core_name_collision_skip_removed.log
dir_hash_ignores_content	z-bot-core/src/main/java/com/zifang/z/bot/skill/SkillSync.java	SkillSyncTest	SkillSyncTest	RED-OK	13	3b2fa7e8629816758d2bbde3372b0906	f25c6721bbdaba127a59fa03808c2088	3b2fa7e8629816758d2bbde3372b0906	1	dir_hash_ignores_content.log
duplicate_slug_first_wins_removed	z-bot-core/src/main/java/com/zifang/z/bot/skill/SkillCommands.java	SkillCommandsTest,SlashRegistrySkillCommandTest	SkillCommandsTest,SlashRegistrySkillCommandTest	RED-OK	22	1b97e07055ae43b91c75c6a3b30aa35a	148984c58721b6d69d306aa820dc8803	1b97e07055ae43b91c75c6a3b30aa35a	1	duplicate_slug_first_wins_removed.log
environment_gate_removed	z-bot-core/src/main/java/com/zifang/z/bot/skill/SkillLoader.java	SkillFrontmatterTest,SlashRegistrySkillCommandTest	SkillFrontmatterTest	PARTIAL	20	506442c4f77bec0d7e84fdf816a7e548	eced8a55f529db0a95b26dcc6bb17050	506442c4f77bec0d7e84fdf816a7e548	1	environment_gate_removed.log
guard_dangerous_policy_weakened	z-bot-core/src/main/java/com/zifang/z/bot/skill/SkillGuard.java	SkillGuardTest	SkillGuardTest	RED-OK	30	e009bfbb3730bc9d540a0535f36b41ac	8fa4179b7d9c8e3b3960c5bfea5cbab5	e009bfbb3730bc9d540a0535f36b41ac	1	guard_dangerous_policy_weakened.log
guard_invisible_unicode_removed	z-bot-core/src/main/java/com/zifang/z/bot/skill/SkillGuard.java	SkillGuardTest	SkillGuardTest	RED-OK	30	e009bfbb3730bc9d540a0535f36b41ac	181235e8aa867f1c1c5f4ec51e30be42	e009bfbb3730bc9d540a0535f36b41ac	1	guard_invisible_unicode_removed.log
guard_rule_disabled__base64_decode_pipe	z-bot-core/src/main/java/com/zifang/z/bot/skill/SkillGuard.java	SkillGuardTest	SkillGuardTest	RED-OK	30	e009bfbb3730bc9d540a0535f36b41ac	678c34c7b623edbeab50f2d81f93bff6	e009bfbb3730bc9d540a0535f36b41ac	1	guard_rule_disabled__base64_decode_pipe.log
guard_rule_disabled__crypto_mining	z-bot-core/src/main/java/com/zifang/z/bot/skill/SkillGuard.java	SkillGuardTest	SkillGuardTest	RED-OK	30	e009bfbb3730bc9d540a0535f36b41ac	13ddf20ee57780d7554aa519b01c39c0	e009bfbb3730bc9d540a0535f36b41ac	1	guard_rule_disabled__crypto_mining.log
guard_rule_disabled__curl_pipe_shell	z-bot-core/src/main/java/com/zifang/z/bot/skill/SkillGuard.java	SkillGuardTest	SkillGuardTest	RED-OK	30	e009bfbb3730bc9d540a0535f36b41ac	bfb86ea36882f1fdfbe6254dddd7533d	e009bfbb3730bc9d540a0535f36b41ac	1	guard_rule_disabled__curl_pipe_shell.log
guard_rule_disabled__deception_hide	z-bot-core/src/main/java/com/zifang/z/bot/skill/SkillGuard.java	SkillGuardTest	SkillGuardTest	RED-OK	30	e009bfbb3730bc9d540a0535f36b41ac	70cd86873c40a7fb728d93f064128904	e009bfbb3730bc9d540a0535f36b41ac	1	guard_rule_disabled__deception_hide.log
guard_rule_disabled__destructive_home_rm	z-bot-core/src/main/java/com/zifang/z/bot/skill/SkillGuard.java	SkillGuardTest	SkillGuardTest	RED-OK	30	e009bfbb3730bc9d540a0535f36b41ac	7a94c863410c935ae0c0ce65e85045f4	e009bfbb3730bc9d540a0535f36b41ac	1	guard_rule_disabled__destructive_home_rm.log
guard_rule_disabled__destructive_root_rm	z-bot-core/src/main/java/com/zifang/z/bot/skill/SkillGuard.java	SkillGuardTest	SkillGuardTest	RED-OK	30	e009bfbb3730bc9d540a0535f36b41ac	0c5fb3cde7fe4039561d8c97d8d67e37	e009bfbb3730bc9d540a0535f36b41ac	1	guard_rule_disabled__destructive_root_rm.log
guard_rule_disabled__dump_all_env	z-bot-core/src/main/java/com/zifang/z/bot/skill/SkillGuard.java	SkillGuardTest	SkillGuardTest	RED-OK	30	e009bfbb3730bc9d540a0535f36b41ac	dd21ae2aa0339e19af06afbdd2d001e3	e009bfbb3730bc9d540a0535f36b41ac	1	guard_rule_disabled__dump_all_env.log
guard_rule_disabled__echo_pipe_exec	z-bot-core/src/main/java/com/zifang/z/bot/skill/SkillGuard.java	SkillGuardTest	SkillGuardTest	RED-OK	30	e009bfbb3730bc9d540a0535f36b41ac	6828aa0301f8511072407d760bc272dc	e009bfbb3730bc9d540a0535f36b41ac	1	guard_rule_disabled__echo_pipe_exec.log
guard_rule_disabled__embedded_private_key	z-bot-core/src/main/java/com/zifang/z/bot/skill/SkillGuard.java	SkillGuardTest	SkillGuardTest	RED-OK	30	e009bfbb3730bc9d540a0535f36b41ac	4e6d69ed03db2f0bc98cac7adcef12f0	e009bfbb3730bc9d540a0535f36b41ac	1	guard_rule_disabled__embedded_private_key.log
guard_rule_disabled__env_exfil_curl	z-bot-core/src/main/java/com/zifang/z/bot/skill/SkillGuard.java	SkillGuardTest	SkillGuardTest	RED-OK	30	e009bfbb3730bc9d540a0535f36b41ac	67f3366ec3051bb9564ecb614a13b982	e009bfbb3730bc9d540a0535f36b41ac	1	guard_rule_disabled__env_exfil_curl.log
guard_rule_disabled__env_exfil_wget	z-bot-core/src/main/java/com/zifang/z/bot/skill/SkillGuard.java	SkillGuardTest	SkillGuardTest	RED-OK	30	e009bfbb3730bc9d540a0535f36b41ac	1763058045417bd7716a580a7b237062	e009bfbb3730bc9d540a0535f36b41ac	1	guard_rule_disabled__env_exfil_wget.log
guard_rule_disabled__eval_string	z-bot-core/src/main/java/com/zifang/z/bot/skill/SkillGuard.java	SkillGuardTest	SkillGuardTest	RED-OK	30	e009bfbb3730bc9d540a0535f36b41ac	d25d662f2a0791426b12bb7f6e62b32c	e009bfbb3730bc9d540a0535f36b41ac	1	guard_rule_disabled__eval_string.log
guard_rule_disabled__hardcoded_secret	z-bot-core/src/main/java/com/zifang/z/bot/skill/SkillGuard.java	SkillGuardTest	SkillGuardTest	RED-OK	30	e009bfbb3730bc9d540a0535f36b41ac	871a50410b33fea36200223eaf0c01a1	e009bfbb3730bc9d540a0535f36b41ac	1	guard_rule_disabled__hardcoded_secret.log
guard_rule_disabled__leak_system_prompt	z-bot-core/src/main/java/com/zifang/z/bot/skill/SkillGuard.java	SkillGuardTest	SkillGuardTest	RED-OK	30	e009bfbb3730bc9d540a0535f36b41ac	a1a30172520eb1e21bfbe384381f4310	e009bfbb3730bc9d540a0535f36b41ac	1	guard_rule_disabled__leak_system_prompt.log
guard_rule_disabled__path_traversal_deep	z-bot-core/src/main/java/com/zifang/z/bot/skill/SkillGuard.java	SkillGuardTest	SkillGuardTest	RED-OK	30	e009bfbb3730bc9d540a0535f36b41ac	36dc88d5184122b849e5547f08f736ff	e009bfbb3730bc9d540a0535f36b41ac	1	guard_rule_disabled__path_traversal_deep.log
guard_rule_disabled__persistence_cron	z-bot-core/src/main/java/com/zifang/z/bot/skill/SkillGuard.java	SkillGuardTest	SkillGuardTest	RED-OK	30	e009bfbb3730bc9d540a0535f36b41ac	758a972a3285d2c85c8b430dbdbb67bc	e009bfbb3730bc9d540a0535f36b41ac	1	guard_rule_disabled__persistence_cron.log
guard_rule_disabled__prompt_injection_ignore	z-bot-core/src/main/java/com/zifang/z/bot/skill/SkillGuard.java	SkillGuardTest	SkillGuardTest	RED-OK	30	e009bfbb3730bc9d540a0535f36b41ac	555d17e2eda5d847349e8116eec16d0c	e009bfbb3730bc9d540a0535f36b41ac	1	guard_rule_disabled__prompt_injection_ignore.log
guard_rule_disabled__reverse_shell	z-bot-core/src/main/java/com/zifang/z/bot/skill/SkillGuard.java	SkillGuardTest	SkillGuardTest	RED-OK	30	e009bfbb3730bc9d540a0535f36b41ac	36f760103cecab190c0b9b8c7e316d16	e009bfbb3730bc9d540a0535f36b41ac	1	guard_rule_disabled__reverse_shell.log
guard_rule_disabled__shell_rc_mod	z-bot-core/src/main/java/com/zifang/z/bot/skill/SkillGuard.java	SkillGuardTest	SkillGuardTest	RED-OK	30	e009bfbb3730bc9d540a0535f36b41ac	f6b5f06288a081006f8d47325cd8a091	e009bfbb3730bc9d540a0535f36b41ac	1	guard_rule_disabled__shell_rc_mod.log
guard_rule_disabled__ssh_dir_access	z-bot-core/src/main/java/com/zifang/z/bot/skill/SkillGuard.java	SkillGuardTest	SkillGuardTest	RED-OK	30	e009bfbb3730bc9d540a0535f36b41ac	8d96627423ec71ccd2f7fe34f50a3248	e009bfbb3730bc9d540a0535f36b41ac	1	guard_rule_disabled__ssh_dir_access.log
guard_rule_disabled__sudo_usage	z-bot-core/src/main/java/com/zifang/z/bot/skill/SkillGuard.java	SkillGuardTest	SkillGuardTest	RED-OK	30	e009bfbb3730bc9d540a0535f36b41ac	8c30b1920710c97fb76f18146652e8de	e009bfbb3730bc9d540a0535f36b41ac	1	guard_rule_disabled__sudo_usage.log
guard_rule_disabled__sys_prompt_override	z-bot-core/src/main/java/com/zifang/z/bot/skill/SkillGuard.java	SkillGuardTest	SkillGuardTest	RED-OK	30	e009bfbb3730bc9d540a0535f36b41ac	20df4fb1fc84d50f18ee1d9c8d7a83ab	e009bfbb3730bc9d540a0535f36b41ac	1	guard_rule_disabled__sys_prompt_override.log
guard_rule_disabled__translate_execute	z-bot-core/src/main/java/com/zifang/z/bot/skill/SkillGuard.java	SkillGuardTest	SkillGuardTest	RED-OK	30	e009bfbb3730bc9d540a0535f36b41ac	3ac7bce29f5d365f45d4e0fbc8cfd77a	e009bfbb3730bc9d540a0535f36b41ac	1	guard_rule_disabled__translate_execute.log
guard_rule_disabled__truncate_system	z-bot-core/src/main/java/com/zifang/z/bot/skill/SkillGuard.java	SkillGuardTest	SkillGuardTest	RED-OK	30	e009bfbb3730bc9d540a0535f36b41ac	2171a6cf21cbdce3657533ad7a94b7e8	e009bfbb3730bc9d540a0535f36b41ac	1	guard_rule_disabled__truncate_system.log
guard_rule_disabled__tunnel_service	z-bot-core/src/main/java/com/zifang/z/bot/skill/SkillGuard.java	SkillGuardTest	SkillGuardTest	RED-OK	30	e009bfbb3730bc9d540a0535f36b41ac	a6430fa9f60064b1742ff3d1ff44a7fa	e009bfbb3730bc9d540a0535f36b41ac	1	guard_rule_disabled__tunnel_service.log
guard_rule_disabled__zbot_config_secret_read	z-bot-core/src/main/java/com/zifang/z/bot/skill/SkillGuard.java	SkillGuardTest	SkillGuardTest	RED-OK	30	e009bfbb3730bc9d540a0535f36b41ac	d75547243299b3d1971fb7685facd6eb	e009bfbb3730bc9d540a0535f36b41ac	1	guard_rule_disabled__zbot_config_secret_read.log
guard_structural_limit_removed	z-bot-core/src/main/java/com/zifang/z/bot/skill/SkillGuard.java	SkillGuardTest	SkillGuardTest	RED-OK	30	e009bfbb3730bc9d540a0535f36b41ac	422281994815218df3710ea446f35a4d	e009bfbb3730bc9d540a0535f36b41ac	1	guard_structural_limit_removed.log
hermes_metadata_namespace_removed	z-bot-core/src/main/java/com/zifang/z/bot/skill/SkillLoader.java	SkillFrontmatterTest	SkillFrontmatterTest	RED-OK	11	506442c4f77bec0d7e84fdf816a7e548	98f3890d0e9b815f09513a7a0395bf61	506442c4f77bec0d7e84fdf816a7e548	1	hermes_metadata_namespace_removed.log
hidden_skill_accounting_removed	z-bot-core/src/main/java/com/zifang/z/bot/skill/SkillCommands.java	SkillCommandsTest,SlashRegistrySkillCommandTest	SkillCommandsTest,SlashRegistrySkillCommandTest	RED-OK	22	1b97e07055ae43b91c75c6a3b30aa35a	b485a3b665071a6c5ec8fc9b87a24a64	1b97e07055ae43b91c75c6a3b30aa35a	1	hidden_skill_accounting_removed.log
install_guard_block_removed	z-bot-core/src/main/java/com/zifang/z/bot/skill/SkillSync.java	SkillSyncTest	SkillSyncTest	RED-OK	13	3b2fa7e8629816758d2bbde3372b0906	0213c0e55f0381b53614c28e57029639	3b2fa7e8629816758d2bbde3372b0906	1	install_guard_block_removed.log
origin_hash_always_overwrite	z-bot-core/src/main/java/com/zifang/z/bot/skill/SkillSync.java	SkillSyncTest	SkillSyncTest	RED-OK	13	3b2fa7e8629816758d2bbde3372b0906	83f2be065f06a15da1a36f7e463c0ef4	3b2fa7e8629816758d2bbde3372b0906	1	origin_hash_always_overwrite.log
origin_hash_never_records	z-bot-core/src/main/java/com/zifang/z/bot/skill/SkillSync.java	SkillSyncTest	SkillSyncTest	RED-OK	13	3b2fa7e8629816758d2bbde3372b0906	e59c1b736a5a21deb38fd895dca0527b	3b2fa7e8629816758d2bbde3372b0906	1	origin_hash_never_records.log
platform_gate_removed	z-bot-core/src/main/java/com/zifang/z/bot/skill/SkillLoader.java	SkillFrontmatterTest,SkillCommandsTest,SlashRegistrySkillCommandTest	SkillCommandsTest,SkillFrontmatterTest,SlashRegistrySkillCommandTest	RED-OK	33	506442c4f77bec0d7e84fdf816a7e548	9b2c231898cb6e41a338f035ed8ab9ab	506442c4f77bec0d7e84fdf816a7e548	1	platform_gate_removed.log
prerequisites_become_hard_gate	z-bot-core/src/main/java/com/zifang/z/bot/skill/SkillLoader.java	SkillFrontmatterTest	SkillFrontmatterTest	RED-OK	11	506442c4f77bec0d7e84fdf816a7e548	4f879d91fbf21054b9dd659737758da1	506442c4f77bec0d7e84fdf816a7e548	1	prerequisites_become_hard_gate.log
slug_normalization_removed	z-bot-core/src/main/java/com/zifang/z/bot/skill/SkillCommands.java	SkillCommandsTest	SkillCommandsTest	RED-OK	13	1b97e07055ae43b91c75c6a3b30aa35a	af68694310718607d01f767631230cd2	1b97e07055ae43b91c75c6a3b30aa35a	1	slug_normalization_removed.log
stacked_limit_raised_to_99	z-bot-core/src/main/java/com/zifang/z/bot/skill/SkillCommands.java	SkillCommandsTest	SkillCommandsTest	RED-OK	13	1b97e07055ae43b91c75c6a3b30aa35a	1cd500828c09bfbe01dfba1a0fcea2ee	1b97e07055ae43b91c75c6a3b30aa35a	1	stacked_limit_raised_to_99.log
stacked_split_never_consumes	z-bot-core/src/main/java/com/zifang/z/bot/skill/SkillCommands.java	SkillCommandsTest	SkillCommandsTest	RED-OK	13	1b97e07055ae43b91c75c6a3b30aa35a	1f08660f4e540cdf56b79579944fe91e	1b97e07055ae43b91c75c6a3b30aa35a	1	stacked_split_never_consumes.log
sync_guard_block_removed	z-bot-core/src/main/java/com/zifang/z/bot/skill/SkillSync.java	SkillSyncTest	SkillSyncTest	RED-OK	13	3b2fa7e8629816758d2bbde3372b0906	211d1192ad9b4b9f5c38d918ee0341c4	3b2fa7e8629816758d2bbde3372b0906	1	sync_guard_block_removed.log
user_deleted_resurrected	z-bot-core/src/main/java/com/zifang/z/bot/skill/SkillSync.java	SkillSyncTest	SkillSyncTest	RED-OK	13	3b2fa7e8629816758d2bbde3372b0906	51c0b67031cff27d68e87efec8d1ee7f	3b2fa7e8629816758d2bbde3372b0906	1	user_deleted_resurrected.log
