id	family	target	testcase	injection	named_kills	allow_extra	verdict	detail
CTRL-C-GET形状	C-GET形状	-	FeishuChannelTest#getEchostrIsNotAnsweredOnTheFeishuFace	NONE	FeishuChannelTest#getEchostrIsNotAnsweredOnTheFeishuFace	-	OK	ran=1 rc=0 1.4s 红=-
CTRL-C-token门序	C-token门序	-	FeishuChannelTest#urlVerificationChallengeIsNotEchoedWithoutValidToken	NONE	FeishuChannelTest#urlVerificationChallengeIsNotEchoedWithoutValidToken	-	OK	ran=1 rc=0 1.4s 红=-
CTRL-C-平铺读取点	C-平铺读取点	-	FeishuChannelTest#flatV1ToleranceStopsAtTheKeysAlreadyReadThere+postEventWithValidTokenDeliversToBus	NONE	FeishuChannelTest#flatV1ToleranceStopsAtTheKeysAlreadyReadThere,FeishuChannelTest#postEventWithValidTokenDeliversToBus	-	OK	ran=2 rc=0 1.4s 红=-
C1 把 GET ?echostr= 门外回显原样装回去	C-GET形状	z-bot-core/src/main/java/com/zifang/z/bot/channel/FeishuChannel.java	FeishuChannelTest#getEchostrIsNotAnsweredOnTheFeishuFace	            if ("GET".equalsIgnoreCase(ex.getRequestMethod())) {\n                String q	FeishuChannelTest#getEchostrIsNotAnsweredOnTheFeishuFace	-	RED-OK	红=FeishuChannelTest#getEchostrIsNotAnsweredOnTheFeishuFace ran=1 rc=1 3.4s 还原=True
C2 405 松成 200（形状门失效但不回显）	C-GET形状	z-bot-core/src/main/java/com/zifang/z/bot/channel/FeishuChannel.java	FeishuChannelTest#getEchostrIsNotAnsweredOnTheFeishuFace	                text(ex, 200, "{\"ok\":true}");	FeishuChannelTest#getEchostrIsNotAnsweredOnTheFeishuFace	-	RED-OK	红=FeishuChannelTest#getEchostrIsNotAnsweredOnTheFeishuFace ran=1 rc=1 3.6s 还原=True
C3 摘掉平铺 v1 的 event.text 读取	C-平铺读取点	z-bot-core/src/main/java/com/zifang/z/bot/channel/FeishuChannel.java	FeishuChannelTest#postEventWithValidTokenDeliversToBus	                String text = firstNonEmpty(messageText(msg), "");	FeishuChannelTest#postEventWithValidTokenDeliversToBus	-	RED-OK	红=FeishuChannelTest#postEventWithValidTokenDeliversToBus ran=1 rc=1 5.6s 还原=True
C5 给无出处的 event.content 开一个读取点	C-平铺读取点	z-bot-core/src/main/java/com/zifang/z/bot/channel/FeishuChannel.java	FeishuChannelTest#flatV1ToleranceStopsAtTheKeysAlreadyReadThere	                String text = firstNonEmpty(messageText(msg), str(evt.get("text")),\n     	FeishuChannelTest#flatV1ToleranceStopsAtTheKeysAlreadyReadThere	-	RED-OK	红=FeishuChannelTest#flatV1ToleranceStopsAtTheKeysAlreadyReadThere ran=1 rc=1 3.5s 还原=True
C4 challenge 抢在 token 门之前回显	C-token门序	z-bot-core/src/main/java/com/zifang/z/bot/channel/FeishuChannel.java	FeishuChannelTest#urlVerificationChallengeIsNotEchoedWithoutValidToken	            if ("url_verification".equals(str(parsed.get("type")))) {\n                Map	FeishuChannelTest#urlVerificationChallengeIsNotEchoedWithoutValidToken	-	RED-OK	红=FeishuChannelTest#urlVerificationChallengeIsNotEchoedWithoutValidToken ran=1 rc=1 3.5s 还原=True
#tally					RED-OK=5|PARTIAL=0|GREEN-BUT-MUTATED=0|BROKEN=0|NO-RUN=0			
#mutants_injected							5	
#suite_total_at_HEAD							1198	
#generated_by							p30c_mutation.py	2026-09-27T07:20:09+0800
